﻿<configs>

    <append xpath="/windows/window[@name='ingameMenu']/grid">
        <grid name="buttons" pos="0, -0" cols="1" width="250" cell_width="250" cell_height="56" arrangement="vertical"
              repeat_content="false" controller="SCoreInGameMenu, SCore">
            <simplebutton name="btnSCoreOptions" depth="3" width="250" height="46" caption_key="xuiSCoreUtilities"
                          font_size="40"/>
            <simplebutton name="btnNPCView" depth="3" width="250" height="46" caption_key="xuiSCoreNPCSettings"
                          font_size="40"/>
        </grid>

    </append>
    <append xpath="/windows">
        <window name="windowLockPicking" width="1000" height="500" panel="Center" controller="PickLocking, SCore"
                cursor_area="true">
            <panel name="header" height="80" depth="1" backgroundspritename="ui_game_panel_header">
                <sprite depth="2" name="windowIcon" style="icon32px" pos="4,-5" sprite="ui_game_symbol_pen"/>
                <label style="header.name" text_key="advancedlockpicking_desc" width="800" height="300" font_size="30"
                       overflow="resizefreely"/>
            </panel>
        </window>

        <!--<window name="ingameMenuSCore" anchor="LeftTop" pos="20,-220" width="250" height="200" controller="SCoreInGameMenu, SCore" cursor_area="true">-->
        <!--</window>-->

        <window name="windowSCoreUtilities" width="900" height="746" panel="Center" cursor_area="true" controller="SCoreUtilities, SCore">
            <panel name="header" height="43" depth="1" backgroundspritename="ui_game_panel_header">
                <sprite depth="1" name="windowIcon" style="icon32px" pos="4,-5" sprite="ui_game_symbol_players"/>
                <label style="header.name" text="SCore Utilities" text_key="xuiSCoreUtilities"/>
            </panel>
            <panel name="content" depth="1" pivot="center" disableautobackground="false">
                <sprite depth="2" name="border" sprite="menu_empty3px" pos="0,0" color="[black]" type="sliced"
                        fillcenter="false" globalopacity="true" globalopacitymod="0.9"/>
                <sprite depth="1" name="backgroundMain" sprite="menu_empty3px" pos="2,-2" height="500" width="900"
                        color="[darkGrey]" type="sliced" fillcenter="true" globalopacity="true" globalopacitymod="0.9"/>

                <grid name="toggles" pos="5, -50" cols="1" width="290" cell_width="290" cell_height="34"
                      arrangement="vertical" repeat_content="false">
                    <togglebutton name="toggleLockPick" caption_key="xuiSCoreUtilsLockPick"
                                  tooltip_key="xuiLockPickingToolTip" width="290" height="32" depth="3"/>
                    <label style="header.name" text="NPC Settings" text_key="xuiSCoreNPCSettings" width="900"
                           height="300" font_size="30"/>
                    <togglebutton name="toggleNPCFootsteps" caption_key="xuiSCoreUtilsNPCFootSteps"
                                  tooltip_key="xuiQuietNPCToolTip" width="290" height="32" depth="3"/>
                </grid>
            </panel>
        </window>
   

        <window name="windowSCoreCompanions" width="900" height="746" panel="Center" cursor_area="true" controller="SCoreCompanionList, SCore">
            <panel name="header" height="43" depth="1" backgroundspritename="ui_game_panel_header">
                <sprite depth="1" name="windowIcon" style="icon32px" pos="4,-5" sprite="ui_game_symbol_players"/>
                <label style="header.name" text="Companions" text_key="xuiSCoreCompanions"/>
            </panel>
            <grid name="toggles" pos="5, -50" cols="1" width="290" cell_width="290" cell_height="34"
                  arrangement="vertical" repeat_content="false">
                <label style="header.name" text="NPC Settings" text_key="xuiSCoreNPCSettings" width="800"
                       height="300" font_size="24"/>
                <togglebutton name="toggleNPCFootsteps" caption_key="xuiSCoreUtilsNPCFootSteps"
                              tooltip_key="xuiQuietNPCToolTip" width="290" height="32" depth="3" font_size="24"/>
            </grid>

            
            <panel name="content" depth="1" pivot="center" disableautobackground="false">
                <score_companion_header />
                <grid name="companionList" rows="13" cols="1" pos="-3,-200" width="900" height="724" cell_width="900" cell_height="46" repeat_content="true" arrangement="vertical" >
                    
                    <score_companion_entry2 name="0"/>
                </grid>
            </panel>
        </window>
    </append>

    <append xpath="/windows/window[@name='windowLooting']//rect[@controller='ContainerStandardControls']">
        <button depth="3" name="btnBroadcast"
                sprite="ui_game_symbol_bc"
                tooltip_key="xuiPinGrab"
                pos="154, -22" pivot="center"
                style="icon32px, press, hover"
                visible="{broadcastManager}"
                defaultcolor="[white]"
                selectedcolor="[disabledColor]"
                sound="[paging_click]"
                controller="BroadcastButton, SCore"/>
    </append>

</configs>