﻿<configs>

  <!--
  <append xpath="/xui/ruleset[@name='default']/window_group[@name='compass']">
    <window name="windowTargetBar" anchor="CenterTop" />
  </append>
-->
  <append xpath="/xui/ruleset[@name='default']">
    <window_group name="LockPicking" >
      <window name="windowLockPicking"/>
    </window_group>

    <window_group name="SCoreUtilitiesGroup" close_compass_on_open="true">
      <window name="windowSCoreUtilities"/>
    </window_group>
    <window_group name="SCoreCompanionsGroup" close_compass_on_open="true">
      <window name="windowSCoreCompanions"/>
    </window_group>

  </append>
  
  <append xpath="//window_group[@name='ingameMenu']">
    <window name="ingameMenuSCore"/>
  </append>
 
</configs>