<configs>
	<append xpath="/spawning/biome[@name='pine_forest']">
		<spawn id="dnDarkSoldierGroupGS01" maxcount="1" respawndelay="1" time="Day" entitygroup="NPCDarkSoldierGroupGS01" notags="commercial,industrial,downtown" />
		<spawn id="nnDarkSoldierGroupGS50" maxcount="1" respawndelay="1" time="Night" entitygroup="NPCDarkSoldierGroupGS50" notags="commercial,industrial,downtown" />
		<spawn id="dnDarkSoldierGroupGS01" maxcount="1" respawndelay="1" time="Day" entitygroup="NPCDarkSoldierGroupGS01" tags="commercial,industrial" notags="downtown" />
		<spawn id="nnDarkSoldierGroupGS100" maxcount="1" respawndelay="1" time="Night" entitygroup="NPCDarkSoldierGroupGS100" tags="commercial,industrial,downtown" />
		<spawn id="dnDarkSoldierGroupGS50" maxcount="1" respawndelay="1" time="Day" entitygroup="NPCDarkSoldierGroupGS50" tags="downtown" />
	</append>
	
	<append xpath="/spawning/biome[@name='burnt_forest']">
		<spawn id="dnDarkSoldierGroupGS01" maxcount="1" respawndelay="1" time="Day" entitygroup="NPCDarkSoldierGroupGS01" notags="commercial,industrial,downtown" />
		<spawn id="nnDarkSoldierGroupGS50" maxcount="1" respawndelay="1" time="Night" entitygroup="NPCDarkSoldierGroupGS50" notags="commercial,industrial,downtown" />
		<spawn id="dnDarkSoldierGroupGS01" maxcount="1" respawndelay="1" time="Day" entitygroup="NPCDarkSoldierGroupGS01" tags="commercial,industrial" notags="downtown" />
		<spawn id="nnDarkSoldierGroupGS100" maxcount="1" respawndelay="1" time="Night" entitygroup="NPCDarkSoldierGroupGS100" tags="commercial,industrial,downtown" />
		<spawn id="dnDarkSoldierGroupGS50" maxcount="1" respawndelay="1" time="Day" entitygroup="NPCDarkSoldierGroupGS50" tags="downtown" />
	</append>
	
	<append xpath="/spawning/biome[@name='desert']">
		<spawn id="dnDarkSoldierGroupGS01" maxcount="1" respawndelay="1" time="Day" entitygroup="NPCDarkSoldierGroupGS01" notags="commercial,industrial,downtown" />
		<spawn id="nnDarkSoldierGroupGS50" maxcount="1" respawndelay="1" time="Night" entitygroup="NPCDarkSoldierGroupGS50" notags="commercial,industrial,downtown" />
		<spawn id="dnDarkSoldierGroupGS01" maxcount="1" respawndelay="1" time="Day" entitygroup="NPCDarkSoldierGroupGS01" tags="commercial,industrial" notags="downtown" />
		<spawn id="nnDarkSoldierGroupGS100" maxcount="1" respawndelay="1" time="Night" entitygroup="NPCDarkSoldierGroupGS100" tags="commercial,industrial,downtown" />
		<spawn id="dnDarkSoldierGroupGS50" maxcount="1" respawndelay="1" time="Day" entitygroup="NPCDarkSoldierGroupGS50" tags="downtown" />
	</append>	
	
	<append xpath="/spawning/biome[@name='snow']">
		<spawn id="dnDarkSoldierGroupGS01" maxcount="1" respawndelay="1" time="Day" entitygroup="NPCDarkSoldierGroupGS01" notags="commercial,industrial,downtown" />
		<spawn id="nnDarkSoldierGroupGS50" maxcount="1" respawndelay="1" time="Night" entitygroup="NPCDarkSoldierGroupGS50" notags="commercial,industrial,downtown" />
		<spawn id="dnDarkSoldierGroupGS01" maxcount="1" respawndelay="1" time="Day" entitygroup="NPCDarkSoldierGroupGS01" tags="commercial,industrial" notags="downtown" />
		<spawn id="nnDarkSoldierGroupGS100" maxcount="1" respawndelay="1" time="Night" entitygroup="NPCDarkSoldierGroupGS100" tags="commercial,industrial,downtown" />
		<spawn id="dnDarkSoldierGroupGS50" maxcount="1" respawndelay="1" time="Day" entitygroup="NPCDarkSoldierGroupGS50" tags="downtown" />
	</append>	
	
	<append xpath="/spawning/biome[@name='wasteland']">
		<spawn id="dnDarkSoldierGroupGS01" maxcount="1" respawndelay="1" time="Day" entitygroup="NPCDarkSoldierGroupGS01" notags="commercial,industrial,downtown" />
		<spawn id="nnDarkSoldierGroupGS50" maxcount="1" respawndelay="1" time="Night" entitygroup="NPCDarkSoldierGroupGS50" notags="commercial,industrial,downtown" />
		<spawn id="dnDarkSoldierGroupGS01" maxcount="1" respawndelay="1" time="Day" entitygroup="NPCDarkSoldierGroupGS01" tags="commercial,industrial" notags="downtown" />
		<spawn id="nnDarkSoldierGroupGS100" maxcount="1" respawndelay="1" time="Night" entitygroup="NPCDarkSoldierGroupGS100" tags="commercial,industrial,downtown" />
		<spawn id="dnDarkSoldierGroupGS50" maxcount="1" respawndelay="1" time="Day" entitygroup="NPCDarkSoldierGroupGS50" tags="downtown" />
	</append>	
	
</configs>