﻿<?xml version="1.0" encoding="UTF-8"?>
<prefab>
  <property name="CopyAirBlocks" value="True" />
  <property name="ExcludeDistantPOIMesh" value="False" />
  <property name="ExcludePOICulling" value="False" />
  <property name="DistantPOIYOffset" value="0" />
  <property name="AllowTopSoilDecorations" value="False" />
  <property name="DifficultyTier" value="1" />
  <property name="ShowQuestClearCount" value="1" />
  <property name="TraderArea" value="False" />
  <property name="RotationToFaceNorth" value="2" />
  <property name="SleeperVolumeSize" value="11, 5, 13#6, 5, 11" />
  <property name="SleeperVolumeStart" value="0, 1, 0#11, 1, 0" />
  <property name="SleeperVolumeGroupId" value="0,0" />
  <property name="SleeperVolumeGroup" value="S_-Group_Generic_Zombie,4,5,S_-Group_Generic_Zombie,3,4" />
  <property name="SleeperIsLootVolume" value="False,False" />
  <property name="SleeperIsQuestExclude" value="False,False" />
  <property name="SleeperVolumeFlags" value="2,0" />
  <property name="SleeperIsBossVolume" value="False" />
  <property name="Zoning" value="none" />
  <property class="IndexedBlockOffsets">
    <property class="brBlock">
      <property name="0" value="11, 1, 7" />
      <property name="1" value="12, 1, 6" />
    </property>
  </property>
  <property class="Stats">
    <property name="TotalVertices" value="48995" />
    <property name="TotalTriangles" value="65533" />
    <property class="BlockEntities">
      <property name="Vertices" value="44284" />
      <property name="Triangles" value="60830" />
    </property>
    <property class="ChunkMeshes0">
      <property name="Vertices" value="1052" />
      <property name="Triangles" value="560" />
    </property>
    <property class="ChunkMeshes1">
      <property name="Vertices" value="0" />
      <property name="Triangles" value="0" />
    </property>
    <property class="ChunkMeshes2">
      <property name="Vertices" value="0" />
      <property name="Triangles" value="0" />
    </property>
    <property class="ChunkMeshes3">
      <property name="Vertices" value="0" />
      <property name="Triangles" value="0" />
    </property>
    <property class="ChunkMeshes4">
      <property name="Vertices" value="3051" />
      <property name="Triangles" value="3179" />
    </property>
    <property class="ChunkMeshes5">
      <property name="Vertices" value="0" />
      <property name="Triangles" value="0" />
    </property>
    <property class="ChunkMeshes6">
      <property name="Vertices" value="0" />
      <property name="Triangles" value="0" />
    </property>
    <property class="ChunkMeshes7">
      <property name="Vertices" value="584" />
      <property name="Triangles" value="952" />
    </property>
    <property class="ChunkMeshes8">
      <property name="Vertices" value="0" />
      <property name="Triangles" value="0" />
    </property>
    <property class="ChunkMeshes9">
      <property name="Vertices" value="24" />
      <property name="Triangles" value="12" />
    </property>
  </property>
</prefab>