﻿<?xml version="1.0" encoding="utf-8"?>
<config>
	<remove xpath="/utility_ai/ai_packages"/>
	<!-- Remove TFP broken UAI xml  -->
	<append xpath="/utility_ai">
		<!-- The complete documentation for these actions and considerations are included in the UtilityAI.xml file found in the 0_SphereiiCore mod or prefixed to this file in the ConfigsDump UtilityAI.xml file -->
		<!-- UAI packages are delared in entityclasses.xml using, for example <property name="AIPackages" value="Human Basic, Human Melee Basic, Human Heal Basic"/>   If you have this property, it will override any EAI tasks and target properties on that entity. -->
		<!-- Note:  Place considerations that are most likely to fail before ones likely to be true, speeds up the AI calculations  -->
		<!-- Note:  Animal NPCs can use human UAI packages, but not extensively tested and probably should have their own packages  -->
		<!-- Dont use multiple versions of the same type of packages, like dont add the Human basic and the Human Timid basic on one character  -->
		
		<!-- Target filters (IsEnemy, IsSelf, IsPlayer, IsLeader, IsAlly )can be used on packages or on tasks.  These provide reduced context for considerations, improving efficency  -->
		
		<!-- NPCBasic is the default movement package for NPCs.  If all else fails, character should wander, otherwise follow or flee if wounded  -->
		<!-- <consideration class="TargetDistance" min="20.0" max="40.0" curve="threshold" /> True if target range is between 20.0 and 40.0 blocks -->
		<!-- <consideration class="TargetDistance" flip_x="true" min="2.0" max="4.0" curve="threshold" /> True if target range is between 2.0 and 4.0 blocks (if range is small, near 0, need to flip X-->
		<!-- <consideration class="TargetDistance" flip_y="true" min="2.0" max="4.0" curve="threshold" /> True if target range is NOT between 2.0 and 4.0 blocks -->
		
		<!-- <ai_packages max_entities="30" action_delay="0.2" > -->
		
		<ai_packages max_entities="30" action_delay="0.2" >
		
	<!-- Default UAI Packages:  Naming Convention is (NPCMod)(Type[Core,NPC,Hostile,Animal,Mech])(ActionType[Melee,Ranged,ShortRanged,etc.])(Option[Basic,Advanced,NoChat]) If you add new packages, avoid using the prefix NPCCore so to avoid collisions due to duplicates  -->
	
		<!-- Required Core Packages: All NPCs need 1 of the following 4 Core packages that handles nonAttack tasks like Idling and wandering   -->
		
			<ai_package name="NPCModCore" >  <!-- Standard default package for Hirable characters  -->
				<action name="DefaultAction" weight=".5" entity_filter="IsSelf">
					<task class="IdleSDX, SCore" />
				</action> 
				<action name="Wander" weight="1" entity_filter="IsSelf">
					<task class="WanderSDX, SCore"/>
                    <consideration class="NotHasOrder, SCore" order="Stay"/>
					<consideration class="EnemyNotNear, SCore" distance="30" />
				</action>
				<action name="Chat" weight="2" entity_filter="IsPlayer">
					<task class="IdleSDX, SCore" OnStartAddBuffs="RandomIdle" OnStopRemoveBuffs="RandomIdle" /> 
					<!-- Remove this buff for "In your Face" Idle anim  -->
					<consideration class="EnemyNotNear, SCore" distance="10" />
					<consideration class="TargetDistance" flip_x="true" min="1" max="4" curve="threshold" />
				</action> 	
                <action name="Stay" weight="2" entity_filter="IsSelf">
                    <task class="Guard, SCore"  /> 
                    <consideration class="EnemyNotNear, SCore" />
                    <consideration class="HasOrder, SCore" order="Stay"/>
                </action>
				<action name="Guard" weight="2" entity_filter="IsSelf">
					<task class="Guard, SCore" />
					<consideration class="HasOrder, SCore" order="Guard" />
				</action>
				<action name="Flee" weight="6" entity_filter="IsEnemy">
					<task class="FleeFromTarget" max_distance="30"/>
					<consideration class="SelfHasCVar, SCore" cvar="$Timid" value="1"/>
					<consideration class="TargetDistance" min="0" max="15" curve="threshold"/>
					<consideration class="SelfVisible"/>
				</action>	
			</ai_package>
				
			<ai_package name="NPCModCoreNoChat" ><!-- Standard package for non-Hirable characters  -->
				<action name="DefaultAction" weight=".5" entity_filter="IsSelf">
					<task class="IdleSDX, SCore" />
				</action> 
				<action name="WanderInside" weight="1" entity_filter="IsSelf" >
					<task class="WanderSDX, SCore"/>
					<consideration class="IsInside, SCore" />
					<consideration class="NotHasOrder, SCore" order="Stay"/>
				</action>
				<action name="WanderOutside" weight="1" entity_filter="IsSelf" >
					<task class="WanderSDX, SCore"/>
					<consideration class="IsNotInside, SCore" />
					<consideration class="NotHasOrder, SCore" order="Stay"/>
					<consideration class="EnemyNotNear, SCore" distance="30" /> 
				<!--	<task class="IdleSDX, SCore" OnStartAddBuffs="RandomWanderIdle" OnStopRemoveBuffs="RandomWanderIdle" timeout="50" /> -->
				</action>
				<action name="NoChatIdle" weight="1" entity_filter="IsPlayer">
					<task class="IdleSDX, SCore" />
					<consideration class="HasOrder, SCore" order="Stay"/>
				</action> 
				<action name="Guard" weight="2" entity_filter="IsSelf">
					<task class="Guard, SCore" />
					<consideration class="HasOrder, SCore" order="Guard" />
				</action>
				<action name="Flee" weight="6" entity_filter="IsEnemy">
					<task class="FleeFromTarget" max_distance="30"/>
					<consideration class="SelfHasCVar, SCore" cvar="$Timid" value="1"/>
					<consideration class="TargetDistance" min="0" max="15" curve="threshold"/>
					<consideration class="SelfVisible"/>
				</action>
			</ai_package>
			
			<ai_package name="NPCModNPCHired" entity_filter="IsLeader" >  
                <action name="TooCloseInside" weight="3" >
                    <task class="BackupFromTargetSDX, SCore" max_distance="2.5"/>
                    <consideration class="EnemyNotNear, SCore" distance="20" />
                    <consideration class="IsInside, SCore" />
                    <consideration class="TargetDistance"  flip_x="true" min="0" max="2.5"  />
                    <consideration class="NotHasOrder, SCore" order="Stay"/>
                </action> 
                <action name="TooCloseOutside" weight="3">
                    <task class="BackupFromTargetSDX, SCore" max_distance="2.5"/>
                    <consideration class="EnemyNotNear, SCore" distance="20" />
                    <consideration class="IsNotInside, SCore" />
                    <consideration class="TargetDistance" flip_x="true"  min="0" max="1"  />
                    <consideration class="NotHasOrder, SCore" order="Stay"/>
                </action> 
				<action name="LeaderFollow" weight="2" >
					<task class="FollowSDX, SCore" OnStartAddBuffs="NPCpegasus" OnStopRemoveBuffs="NPCpegasus"/>
					<consideration class="HasOrder, SCore" order="Follow"/>
					<consideration class="TargetDistance"   min="20" max="40" curve="threshold" />
					<consideration class="EnemyNotNear, SCore" distance="30" />
				</action>
				<action name="LeaderFollowSlow" weight="2" >
					<task class="FollowSDX, SCore"/>
					<consideration class="HasOrder, SCore" order="Follow"/>
					<consideration class="TargetDistance"   min="2.5" max="20" curve="threshold"/>
					 <consideration class="EnemyNotNear, SCore" distance="20" />
				</action>	
			</ai_package> 
				
	<!-- BASIC (Friendly/Neutral) NPC AI PACKAGES, without the hiring controls, which reduces networking load. -->
	
			<ai_package name="NPCModNPCMeleeBasic" entity_filter="IsEnemy"> 
				<!-- DEFAULT ACTIONS -->
				<action name="MoveToEnemyRunMelee" weight="4">
					<task class="MoveToAttackTargetSDX, SCore" run="true" />
					<consideration class="SelfHasCVar, SCore" cvar="CurrentWeaponClass" value="0"/>
					<consideration class="FailOnDistanceToLeader, SCore" max_distance="30"/>
					<consideration class="NotInWeaponRange, SCore" action_index="0" /> 
					<consideration class="CanSeeTarget, SCore"/>
					<consideration class="SelfNotHasBuff, SCore" buffs="buffNPCModFullControlMode,IsHealing,buffHitStun"/>
					<consideration class="NotHasOrder, SCore" order="Stay"/>
				</action>
				<action name="MeleeAttackEntityBasic" weight="5">
					<task class="AttackTargetEntitySDX, SCore" action_index="0"/>
					<consideration class="SelfHasCVar, SCore" cvar="CurrentWeaponClass" value="0"/>
					<consideration class="FailOnDistanceToLeader, SCore" max_distance="30"/>
					<consideration class="InWeaponRange, SCore" action_index="0" /> 
					<consideration class="CanSeeTarget, SCore"/> 
					<consideration class="SelfNotHasBuff, SCore" buffs="buffNPCModFullControlMode,IsHealing,buffHitStun"/>
				</action>
			</ai_package>	
			
			<ai_package name="NPCModNPCRangedBasic" entity_filter="IsEnemy" > 
				<action name="MoveToEnemyShortRanged" weight="4">
					<task class="MoveToAttackTargetSDX, SCore" run="false" action_index="1" />
					<consideration class="SelfHasCVar, SCore" cvar="CurrentWeaponClass" value="1"/>
					<consideration class="TargetDistance" min="10" max="40" curve="threshold" /> 
					<consideration class="FailOnDistanceToLeader, SCore" max_distance="30" />
					<consideration class="CanSeeTarget, SCore" />
					<consideration class="NotHasOrder, SCore" order="Stay" />
				</action>
				<action name="MoveToEnemyMediumRanged" weight="4">
					<task class="MoveToAttackTargetSDX, SCore" run="false" action_index="1" />
					<consideration class="SelfHasCVar, SCore" cvar="CurrentWeaponClass" value="2"/>
					<consideration class="TargetDistance" min="20" max="40" curve="threshold" />
					<consideration class="FailOnDistanceToLeader, SCore" max_distance="30" />
					<consideration class="CanSeeTarget, SCore" />
					<consideration class="NotHasOrder, SCore" order="Stay" />
				</action>
				<action name="MoveToEnemyLongRanged" weight="4">
					<task class="MoveToAttackTargetSDX, SCore" run="false" action_index="1" />
					<consideration class="SelfHasCVar, SCore" cvar="CurrentWeaponClass" value="3"/>
					<consideration class="TargetDistance" min="30" max="40" curve="threshold" />
					<consideration class="FailOnDistanceToLeader, SCore" max_distance="30" />
					<consideration class="CanSeeTarget, SCore" />
					<consideration class="NotHasOrder, SCore" order="Stay" />
				</action>
				<action name="RangedMeleeAttack" weight="6">
					<task class="AttackTargetEntitySDX, SCore" action_index="0"/>
					<consideration class="SelfNotHasCVar, SCore" cvar="CurrentWeaponClass" value="0"/>
					<consideration class="FailOnDistanceToLeader, SCore" max_distance="30"/>
					<consideration class="InWeaponRange, SCore"  action_index="0"  /> 
					<consideration class="CanSeeTarget, SCore"/>
					<consideration class="SelfNotHasBuff, SCore" buffs="IsHealing,buffHitStun"/>	
				</action>
				<action name="RangedAttack" weight="5">
					<task class="AttackTargetEntitySDX, SCore" action_index="1" />
					<consideration class="SelfNotHasCVar, SCore" cvar="CurrentWeaponClass" value="0"/>
					<consideration class="FailOnDistanceToLeader, SCore" max_distance="30" />
					<consideration class="CanSeeTarget, SCore" />
					<consideration class="InWeaponRange, SCore" action_index="1" />
					<consideration class="SelfNotHasBuff, SCore" buffs="RandomIdle,buffBurstDelay,IsHealing,buffReload2,buffReloadDelay,buffReload3,buffHitStun" />
				</action>
				<action name="BackupShortRanged" weight="3">
					<task class="BackupFromTargetSDX, SCore" run="false" max_distance="5"/> 
					<consideration class="SelfHasCVar, SCore" cvar="CurrentWeaponClass" value="1"/>
					<consideration class="TargetDistance" flip_x="true" min="1" max="5"  curve="threshold" /> 
					<consideration class="FailOnDistanceToLeader, SCore" max_distance="30"/>
					<consideration class="CanSeeTarget, SCore"/>
					<consideration class="NotHasOrder, SCore" order="Stay"/>
				</action>
				<action name="BackupMediumRanged" weight="3">
					<task class="BackupFromTargetSDX, SCore" run="false" max_distance="10"/>
					<consideration class="SelfHasCVar, SCore" cvar="CurrentWeaponClass" value="2"/>
					<consideration class="TargetDistance" flip_x="true" min="1" max="10"  curve="threshold" />
					<consideration class="FailOnDistanceToLeader, SCore" max_distance="30"/>
					<consideration class="CanSeeTarget, SCore"/>
					<consideration class="NotHasOrder, SCore" order="Stay"/>
				</action>
				<action name="BackupLongRanged" weight="3">
					<task class="BackupFromTargetSDX, SCore" run="false" max_distance="10"/>
					<consideration class="SelfHasCVar, SCore" cvar="CurrentWeaponClass" value="3"/>
					<consideration class="TargetDistance" flip_x="true" min="1" max="15"  curve="threshold" />
					<consideration class="FailOnDistanceToLeader, SCore" max_distance="30"/>
					<consideration class="CanSeeTarget, SCore"/>
					<consideration class="NotHasOrder, SCore" order="Stay"/>
				</action>
			</ai_package>	

		<!-- AI Packages for Advanced NPC Templates, Hireable character with Leader Controls available -->
		
			<ai_package name="NPCModNPCMeleeAdvanced" entity_filter="IsEnemy"> 
				<!-- DEFAULT ACTIONS -->
				<action name="MoveToEnemyRunMelee" weight="4">
					<task class="MoveToAttackTargetSDX, SCore" run="true" />
					<consideration class="SelfHasCVar, SCore" cvar="CurrentWeaponClass" value="0"/>
					<consideration class="FailOnDistanceToLeader, SCore" max_distance="30"/>
					<consideration class="NotInWeaponRange, SCore" action_index="0" /> 
					<consideration class="CanSeeTarget, SCore"/>
					<consideration class="SelfNotHasBuff, SCore" buffs="buffNPCModFullControlMode,buffHitStun"/>	
					<consideration class="NotHasOrder, SCore" order="Stay"/>
				</action>
				<action name="MeleeAttackEntity" weight="5">
					<task class="AttackTargetEntitySDX, SCore" action_index="0"/>
					<consideration class="SelfHasCVar, SCore" cvar="CurrentWeaponClass" value="0"/>
					<consideration class="FailOnDistanceToLeader, SCore" max_distance="30"/>
					<consideration class="InWeaponRange, SCore" action_index="0" /> 
					<consideration class="CanSeeTarget, SCore"/> 
					<consideration class="SelfNotHasBuff, SCore" buffs="buffNPCModFullControlMode,IsHealing,buffHitStun"/>	
				</action>
				<!-- FULL CONTROL ACTIONS - NO PLAYER COMMANDS -->
				<action name="LeaderFollowControl" weight="10" >
					<consideration class="SelfHasBuff, SCore" buffs="buffNPCModFullControlMode"/>
					<consideration class="SelfHasBuff, SCore" buffs="buffNPCModStopAttacking"/>
					<task class="FollowSDX, SCore" OnStartAddBuffs="NPCpegasus" OnStopRemoveBuffs="NPCpegasus"/>
					<consideration class="HasOrder, SCore" order="Follow"/>
				</action>
				<!-- CONTROL ACTIONS - PLAYER IS BEING ATTACKED OR GAVE ATTACK COMMAND -->
				<action name="MoveToEnemyRunMeleeControlAttacked" weight="4">
					<consideration class="SelfHasCVar, SCore" cvar="CurrentWeaponClass" value="0"/>
					<consideration class="SelfHasBuff, SCore" buffs="buffNPCModFullControlMode"/>
					<consideration class="TargetHasBuff, SCore" buffs="buffNPCModAttacking"/>
					<task class="MoveToAttackTargetSDX, SCore" run="true" />
					<consideration class="FailOnDistanceToLeader, SCore" max_distance="30"/>
					<consideration class="NotInWeaponRange, SCore" action_index="0" /> 
					<consideration class="CanSeeTarget, SCore"/>
					<consideration class="SelfNotHasBuff, SCore" buffs="buffNPCModStopAttacking,buffHitStun"/>	
					<consideration class="NotHasOrder, SCore" order="Stay"/>
				</action>
				<action name="MeleeAttackEntityControlAttacked" weight="5">
					<consideration class="SelfHasCVar, SCore" cvar="CurrentWeaponClass" value="0"/>
					<consideration class="SelfHasBuff, SCore" buffs="buffNPCModFullControlMode"/>
					<consideration class="TargetHasBuff, SCore" buffs="buffNPCModAttacking"/>
					<task class="AttackTargetEntitySDX, SCore" action_index="0"/>
					<consideration class="FailOnDistanceToLeader, SCore" max_distance="30"/>
					<consideration class="InWeaponRange, SCore" action_index="0" /> 
					<consideration class="CanSeeTarget, SCore"/>
					<consideration class="SelfNotHasBuff, SCore" buffs="buffNPCModStopAttacking,IsHealing,buffHitStun"/>	
				</action> 
			</ai_package>	

			<ai_package name="NPCModNPCRangedAdvanced" entity_filter="IsEnemy" > 
				<!-- DEFAULT ACTIONS -->
			
				<action name="MoveToEnemyShortRanged" weight="4">
					<task class="MoveToAttackTargetSDX, SCore" run="false" action_index="1" />
					<consideration class="SelfHasCVar, SCore" cvar="CurrentWeaponClass" value="1"/>
					<consideration class="SelfNotHasBuff, SCore" buffs="buffNPCModFullControlMode"/>
					<consideration class="TargetDistance" min="10" max="40" curve="threshold" /> 
					<consideration class="FailOnDistanceToLeader, SCore" max_distance="30" />
					<consideration class="CanSeeTarget, SCore" />
					<consideration class="NotHasOrder, SCore" order="Stay" />
				</action>
				<action name="MoveToEnemyMediumRanged" weight="4">
					<task class="MoveToAttackTargetSDX, SCore" run="false" action_index="1" />
					<consideration class="SelfHasCVar, SCore" cvar="CurrentWeaponClass" value="2"/>
					<consideration class="SelfNotHasBuff, SCore" buffs="buffNPCModFullControlMode"/>
					<consideration class="TargetDistance"  min="20" max="40" curve="threshold" />
					<consideration class="FailOnDistanceToLeader, SCore" max_distance="30" />
					<consideration class="CanSeeTarget, SCore" />
					<consideration class="NotHasOrder, SCore" order="Stay" />
				</action>
				<action name="MoveToEnemyLongRanged" weight="4">
					<task class="MoveToAttackTargetSDX, SCore" run="false" action_index="1" />
					<consideration class="SelfHasCVar, SCore" cvar="CurrentWeaponClass" value="3"/>
					<consideration class="SelfNotHasBuff, SCore" buffs="buffNPCModFullControlMode"/>
					<consideration class="TargetDistance"  min="30" max="40" curve="threshold" />
					<consideration class="FailOnDistanceToLeader, SCore" max_distance="30" />
					<consideration class="CanSeeTarget, SCore" />
					<consideration class="NotHasOrder, SCore" order="Stay" /> 
				</action> 
				<action name="RangedMeleeAttack" weight="6">
					<task class="AttackTargetEntitySDX, SCore" action_index="0"/>
					<consideration class="SelfNotHasCVar, SCore" cvar="CurrentWeaponClass" value="0"/>
					<consideration class="SelfNotHasBuff, SCore" buffs="buffNPCModFullControlMode"/>
					<consideration class="FailOnDistanceToLeader, SCore" max_distance="30"/>
					<consideration class="InWeaponRange, SCore"  action_index="0"  /> 
					<consideration class="CanSeeTarget, SCore"/>
					<consideration class="SelfNotHasBuff, SCore" buffs="IsHealing,buffHitStun"/>	
				</action>
				<action name="RangedAttack" weight="5">
					<task class="AttackTargetEntitySDX, SCore" action_index="1" />
					<consideration class="SelfNotHasCVar, SCore" cvar="CurrentWeaponClass" value="0"/>
					<consideration class="SelfNotHasBuff, SCore" buffs="buffNPCModFullControlMode"/>
					<consideration class="FailOnDistanceToLeader, SCore" max_distance="30" />
					<consideration class="CanSeeTarget, SCore" />
					<consideration class="InWeaponRange, SCore" action_index="1" />
					<consideration class="SelfNotHasBuff, SCore" buffs="RandomIdle,buffBurstDelay,IsHealing,buffReload2,buffReloadDelay,buffReload3,buffHitStun" />
				</action>
				<action name="BackupShortRanged" weight="3">
					<task class="BackupFromTargetSDX, SCore" run="false" max_distance="5"/> 
					<consideration class="SelfHasCVar, SCore" cvar="CurrentWeaponClass" value="1"/>
					<consideration class="SelfNotHasBuff, SCore" buffs="buffNPCModFullControlMode"/>
					<consideration class="TargetDistance"  flip_x="true" min="1" max="5"  curve="threshold" /> 
					<consideration class="FailOnDistanceToLeader, SCore" max_distance="30"/>
					<consideration class="CanSeeTarget, SCore"/>
					<consideration class="NotHasOrder, SCore" order="Stay"/>
				</action>
				<action name="BackupMediumRanged" weight="3">
					<task class="BackupFromTargetSDX, SCore" run="false" max_distance="10"/>
					<consideration class="SelfHasCVar, SCore" cvar="CurrentWeaponClass" value="2"/>
					<consideration class="SelfNotHasBuff, SCore" buffs="buffNPCModFullControlMode"/>
					<consideration class="TargetDistance"  flip_x="true" min="1" max="10"  curve="threshold" />
					<consideration class="FailOnDistanceToLeader, SCore" max_distance="30"/>
					<consideration class="CanSeeTarget, SCore"/>
					<consideration class="NotHasOrder, SCore" order="Stay"/>
				</action>
				<action name="BackupLongRanged" weight="3">
					<task class="BackupFromTargetSDX, SCore" run="false" max_distance="10"/>
					<consideration class="SelfHasCVar, SCore" cvar="CurrentWeaponClass" value="3"/>
					<consideration class="SelfNotHasBuff, SCore" buffs="buffNPCModFullControlMode"/>
					<consideration class="TargetDistance"  flip_x="true" min="1" max="15"  curve="threshold" />
					<consideration class="FailOnDistanceToLeader, SCore" max_distance="30"/>
					<consideration class="CanSeeTarget, SCore"/>
					<consideration class="NotHasOrder, SCore" order="Stay"/>
				</action>
	
				<!-- CONTROL ACTIONS - STOP ATTACKING AND FOLLOW -->
				<action name="LeaderFollowControl" weight="10" >
					<task class="FollowSDX, SCore" OnStartAddBuffs="NPCpegasus" OnStopRemoveBuffs="NPCpegasus"/>
					<consideration class="SelfHasBuff, SCore" buffs="buffNPCModFullControlMode"/>
					<consideration class="SelfHasBuff, SCore" buffs="buffNPCModStopAttacking"/>
					<consideration class="HasOrder, SCore" order="Follow"/>
				</action>
				
				<!-- CONTROL ACTIONS - PLAYER IS BEING ATTACKED OR GAVE ATTACK COMMAND -->
				
				<action name="MoveToEnemyShortRanged" weight="4">
					<task class="MoveToAttackTargetSDX, SCore" run="false" action_index="1" />
					<consideration class="SelfHasCVar, SCore" cvar="CurrentWeaponClass" value="1"/>
					<consideration class="SelfHasBuff, SCore" buffs="buffNPCModFullControlMode"/>
					<consideration class="SelfNotHasBuff, SCore" buffs="buffNPCModStopAttacking"/>
					<consideration class="TargetHasBuff, SCore" buffs="buffNPCModAttacking"/>
					<consideration class="TargetDistance" min="10" max="40" curve="threshold" /> 
					<consideration class="FailOnDistanceToLeader, SCore" max_distance="30" />
					<consideration class="CanSeeTarget, SCore" />
					<consideration class="NotHasOrder, SCore" order="Stay" />
				</action>
				<action name="MoveToEnemyMediumRanged" weight="4">
					<task class="MoveToAttackTargetSDX, SCore" run="false" action_index="1" />
					<consideration class="SelfHasCVar, SCore" cvar="CurrentWeaponClass" value="2"/>
					<consideration class="SelfHasBuff, SCore" buffs="buffNPCModFullControlMode"/>
					<consideration class="SelfNotHasBuff, SCore" buffs="buffNPCModStopAttacking"/>
					<consideration class="TargetHasBuff, SCore" buffs="buffNPCModAttacking"/>
					<consideration class="TargetDistance"  min="20" max="40" curve="threshold" />
					<consideration class="FailOnDistanceToLeader, SCore" max_distance="30" />
					<consideration class="CanSeeTarget, SCore" />
					<consideration class="NotHasOrder, SCore" order="Stay" />
				</action>
				<action name="MoveToEnemyLongRanged" weight="4">
					<task class="MoveToAttackTargetSDX, SCore" run="false" action_index="1" />
					<consideration class="SelfHasCVar, SCore" cvar="CurrentWeaponClass" value="3"/>
					<consideration class="SelfHasBuff, SCore" buffs="buffNPCModFullControlMode"/>
					<consideration class="SelfNotHasBuff, SCore" buffs="buffNPCModStopAttacking"/>
					<consideration class="TargetHasBuff, SCore" buffs="buffNPCModAttacking"/>
					<consideration class="TargetDistance"  min="30" max="40" curve="threshold" />
					<consideration class="FailOnDistanceToLeader, SCore" max_distance="30" />
					<consideration class="CanSeeTarget, SCore" />
					<consideration class="NotHasOrder, SCore" order="Stay" />
				</action>
				<action name="RangedMeleeAttackControlAttacked" weight="6">
					<task class="AttackTargetEntitySDX, SCore" action_index="0"/>
					<consideration class="SelfNotHasCVar, SCore" cvar="CurrentWeaponClass" value="0"/>
					<consideration class="SelfHasBuff, SCore" buffs="buffNPCModFullControlMode"/>
					<consideration class="SelfNotHasBuff, SCore" buffs="buffNPCModStopAttacking"/>
					<consideration class="TargetHasBuff, SCore" buffs="buffNPCModAttacking"/>
					<consideration class="FailOnDistanceToLeader, SCore" max_distance="30"/>
					<consideration class="InWeaponRange, SCore"  action_index="0"  /> 
					<consideration class="CanSeeTarget, SCore"/>
					<consideration class="SelfNotHasBuff, SCore" buffs="IsHealing,buffHitStun"/>	
				</action>
				<action name="RangedAttackControlAttacked" weight="5">
					<task class="AttackTargetEntitySDX, SCore" action_index="1" />
					<consideration class="SelfNotHasCVar, SCore" cvar="CurrentWeaponClass" value="0"/>
					<consideration class="SelfHasBuff, SCore" buffs="buffNPCModFullControlMode"/>
					<consideration class="SelfNotHasBuff, SCore" buffs="buffNPCModStopAttacking"/>
					<consideration class="TargetHasBuff, SCore" buffs="buffNPCModAttacking"/>
					<consideration class="FailOnDistanceToLeader, SCore" max_distance="30" />
					<consideration class="CanSeeTarget, SCore" />
					<consideration class="InWeaponRange, SCore" action_index="1" />
					<consideration class="SelfNotHasBuff, SCore" buffs="RandomIdle,buffBurstDelay,IsHealing,buffReload2,buffReloadDelay,buffReload3,buffHitStun" />
				</action>
				<action name="BackupShortRanged" weight="3">
					<task class="BackupFromTargetSDX, SCore" run="false" max_distance="5"/> 
					<consideration class="SelfHasCVar, SCore" cvar="CurrentWeaponClass" value="1"/>
					<consideration class="SelfHasBuff, SCore" buffs="buffNPCModFullControlMode"/>
					<consideration class="SelfNotHasBuff, SCore" buffs="buffNPCModStopAttacking"/>
					<consideration class="TargetHasBuff, SCore" buffs="buffNPCModAttacking"/>
					<consideration class="TargetDistance"  flip_x="true" min="1" max="5"  curve="threshold" /> 
					<consideration class="FailOnDistanceToLeader, SCore" max_distance="30"/>
					<consideration class="CanSeeTarget, SCore"/>
					<consideration class="NotHasOrder, SCore" order="Stay"/>
				</action>
				<action name="BackupMediumRanged" weight="3">
					<task class="BackupFromTargetSDX, SCore" run="false" max_distance="10"/>
					<consideration class="SelfHasCVar, SCore" cvar="CurrentWeaponClass" value="2"/>
					<consideration class="SelfHasBuff, SCore" buffs="buffNPCModFullControlMode"/>
					<consideration class="SelfNotHasBuff, SCore" buffs="buffNPCModStopAttacking"/>
					<consideration class="TargetHasBuff, SCore" buffs="buffNPCModAttacking"/>
					<consideration class="TargetDistance"  flip_x="true" min="1" max="10"  curve="threshold" />
					<consideration class="FailOnDistanceToLeader, SCore" max_distance="30"/>
					<consideration class="CanSeeTarget, SCore"/>
					<consideration class="NotHasOrder, SCore" order="Stay"/>
				</action>
				<action name="BackupLongRanged" weight="3">
					<task class="BackupFromTargetSDX, SCore" run="false" max_distance="10"/>
					<consideration class="SelfHasCVar, SCore" cvar="CurrentWeaponClass" value="3"/>
					<consideration class="SelfHasBuff, SCore" buffs="buffNPCModFullControlMode"/>
					<consideration class="SelfNotHasBuff, SCore" buffs="buffNPCModStopAttacking"/>
					<consideration class="TargetHasBuff, SCore" buffs="buffNPCModAttacking"/>
					<consideration class="TargetDistance"  flip_x="true" min="1" max="15"  curve="threshold" />
					<consideration class="FailOnDistanceToLeader, SCore" max_distance="30"/>
					<consideration class="CanSeeTarget, SCore"/>
					<consideration class="NotHasOrder, SCore" order="Stay"/>
				</action>
			</ai_package>	
			
			<!-- BASIC HOSTILE AI PACKAGES, for bandits like Harley that will not be hired -->
			
			<ai_package name="NPCModHostileMeleeBasic" > 
				<!-- DEFAULT ACTIONS -->
				<action name="MoveToEnemyRunMelee" weight="4" entity_filter="IsEnemy">
					<task class="MoveToAttackTargetSDX, SCore" run="true" />
					<consideration class="SelfHasCVar, SCore" cvar="CurrentWeaponClass" value="0"/>
				<!--	<consideration class="FailOnDistanceToLeader, SCore" max_distance="30"/> -->
					<consideration class="NotInWeaponRange, SCore" action_index="0" /> 
					<consideration class="CanSeeTarget, SCore"/>
					<consideration class="SelfNotHasBuff, SCore" buffs="buffNPCModFullControlMode,IsHealing"/>	
					<consideration class="NotHasOrder, SCore" order="Stay"/>
				</action>
				 <action name="MoveToRandomTarget" weight="3" entity_filter="IsPlayer" >
                    <task class="MoveToInvestigate, SCore" run="true" />
					<consideration class="SelfHasCVar, SCore" cvar="CurrentWeaponClass" value="0"/>
                 <!--   <consideration class="FailOnDistanceToLeader, SCore" max_distance="30"/> -->
                    <consideration class="NotInWeaponRange, SCore" action_index="0" /> 
                    <consideration class="CanNotSeeTarget, SCore"/>
					<consideration class="CanHearTarget, SCore" />
					<consideration class="NotPathBlockedSDX, SCore"  />
                    <consideration class="NotHasOrder, SCore" order="Stay"/>
                 </action>    					
				<action name="MeleeAttackEntity" weight="5" entity_filter="IsEnemy">
					<task class="AttackTargetEntitySDX, SCore" action_index="0"/>
					<consideration class="SelfHasCVar, SCore" cvar="CurrentWeaponClass" value="0"/>
				<!--	<consideration class="FailOnDistanceToLeader, SCore" max_distance="30"/> -->
					<consideration class="InWeaponRange, SCore" action_index="0" /> 
					<consideration class="CanSeeTarget, SCore"/>
					<consideration class="SelfNotHasBuff, SCore" buffs="buffNPCModFullControlMode,IsHealing,buffHitStun"/>	
				</action>
				<!-- <action name="MeleeAttackBlock" weight="4">
                    <task class="AttackTargetEntitySDX, SCore" action_index="0"/>
					<consideration class="SelfHasCVar, SCore" cvar="CurrentWeaponClass" value="0"/>
                    <consideration class="PathBlockedSDX, SCore"  />
                    <consideration class="TargetType" type="Block"/>
					<consideration class="SelfNotHasBuff, SCore" buffs="buffNPCModFullControlMode,IsHealing,buffHitStun"/>	
                </action> -->
			</ai_package>

			<ai_package name="NPCModHostileRangedBasic" > 
 	
				<action name="MoveToEnemyShortRanged" weight="4" entity_filter="IsEnemy">
					<task class="MoveToAttackTargetSDX, SCore" run="true" action_index="1" />
					<consideration class="SelfHasCVar, SCore" cvar="CurrentWeaponClass" value="1"/>
					<consideration class="TargetDistance" min="10" max="40" curve="threshold" /> 
				<!-- 	<consideration class="FailOnDistanceToLeader, SCore" max_distance="30" /> -->
					<consideration class="CanSeeTarget, SCore" />
					<consideration class="NotHasOrder, SCore" order="Stay" />
				</action>
				<action name="MoveToEnemyMediumRanged" weight="4" entity_filter="IsEnemy">
					<task class="MoveToAttackTargetSDX, SCore" run="false" action_index="1" />
					<consideration class="SelfHasCVar, SCore" cvar="CurrentWeaponClass" value="2"/>
					<consideration class="TargetDistance"  min="20" max="40" curve="threshold" />
					<!-- <consideration class="FailOnDistanceToLeader, SCore" max_distance="30" /> -->
					<consideration class="CanSeeTarget, SCore" />
					<consideration class="NotHasOrder, SCore" order="Stay" />
				</action>
				<action name="MoveToEnemyLongRanged" weight="4" entity_filter="IsEnemy" >
					<task class="MoveToAttackTargetSDX, SCore" run="false" action_index="1" />
					<consideration class="SelfHasCVar, SCore" cvar="CurrentWeaponClass" value="3"/>
					<consideration class="TargetDistance"  min="30" max="40" curve="threshold" />
					<!-- <consideration class="FailOnDistanceToLeader, SCore" max_distance="30" /> -->
					<consideration class="CanSeeTarget, SCore" />
					<consideration class="NotHasOrder, SCore" order="Stay" />
				</action>
				 <action name="MoveToFindTarget" weight="5" entity_filter="IsPlayer">
                    <task class="MoveToInvestigate, SCore" run="true" />
					<consideration class="SelfNotHasCVar, SCore" cvar="CurrentWeaponClass" value="0"/>
                    <!-- <consideration class="FailOnDistanceToLeader, SCore" max_distance="30"/> -->
                    <!-- <consideration class="NotInWeaponRange, SCore" action_index="0" /> -->
                    <consideration class="CanNotSeeTarget, SCore"/> 
					<consideration class="CanHearTarget, SCore" /> 
					<consideration class="InWeaponRange, SCore"  action_index="1"  /> 
					<!-- <consideration class="NotPathBlockedSDX, SCore"  /> -->  <!-- not sure we need this -->
                    <consideration class="NotHasOrder, SCore" order="Stay"/>
                 </action>    					
				<action name="RangedMeleeAttack" weight="7" entity_filter="IsEnemy">
					<task class="AttackTargetEntitySDX, SCore" action_index="0"/>
					<consideration class="SelfNotHasCVar, SCore" cvar="CurrentWeaponClass" value="0"/>
					<!-- <consideration class="FailOnDistanceToLeader, SCore" max_distance="30"/> -->
					<consideration class="InWeaponRange, SCore"  action_index="0"  /> 
					<consideration class="CanSeeTarget, SCore"/>
					<consideration class="SelfNotHasBuff, SCore" buffs="IsHealing,buffHitStun"/>	
				</action>
				<action name="RangedAttack" weight="6" entity_filter="IsEnemy">
					<task class="AttackTargetEntitySDX, SCore" action_index="1" />
					<consideration class="SelfNotHasCVar, SCore" cvar="CurrentWeaponClass" value="0"/>
					<!-- <consideration class="FailOnDistanceToLeader, SCore" max_distance="30" /> -->
					<consideration class="CanSeeTarget, SCore" />
					<consideration class="InWeaponRange, SCore" action_index="1" />
					<consideration class="SelfNotHasBuff, SCore" buffs="RandomIdle,buffBurstDelay,IsHealing,buffReload2,buffReloadDelay,buffReload3,buffHitStun" />
				</action>
				<action name="BackupShortRanged" weight="3" entity_filter="IsEnemy" >
					<task class="BackupFromTargetSDX, SCore" run="false" max_distance="3"/> 
					<consideration class="SelfHasCVar, SCore" cvar="CurrentWeaponClass" value="1"/>
					<consideration class="TargetDistance" flip_x="true" min="1" max="2"  curve="threshold" /> 
					<!-- <consideration class="FailOnDistanceToLeader, SCore" max_distance="30"/> -->
					<consideration class="CanSeeTarget, SCore"/>
					<consideration class="NotHasOrder, SCore" order="Stay"/>
				</action>
				<action name="BackupMediumRanged" weight="3" entity_filter="IsEnemy">
					<task class="BackupFromTargetSDX, SCore" run="false" max_distance="10"/>
					<consideration class="SelfHasCVar, SCore" cvar="CurrentWeaponClass" value="2"/>
					<consideration class="TargetDistance" flip_x="true" min="1" max="10"  curve="threshold" />
					<!-- <consideration class="FailOnDistanceToLeader, SCore" max_distance="30"/> -->
					<consideration class="CanSeeTarget, SCore"/>
					<consideration class="NotHasOrder, SCore" order="Stay"/>
				</action>
				<action name="BackupLongRanged" weight="3" entity_filter="IsEnemy">
					<task class="BackupFromTargetSDX, SCore" run="false" max_distance="10"/>
					<consideration class="SelfHasCVar, SCore" cvar="CurrentWeaponClass" value="3"/>
					<consideration class="TargetDistance" flip_x="true" min="1" max="15"  curve="threshold" />
				<!--	<consideration class="FailOnDistanceToLeader, SCore" max_distance="30"/> -->
					<consideration class="CanSeeTarget, SCore"/>
					<consideration class="NotHasOrder, SCore" order="Stay"/>
				</action>
				<!--<action name="RangedMeleeAttackBlock" weight="4">
                    <task class="AttackTargetEntitySDX, SCore" action_index="0"/>
					<consideration class="SelfNotHasCVar, SCore" cvar="CurrentWeaponClass" value="0"/>
                    <consideration class="PathBlockedSDX, SCore"  />
                    <consideration class="TargetType" type="Block"/>
                </action> -->
				<!--<action name="RangedAttackBlock" weight="4">
                    <task class="AttackTargetEntitySDX, SCore" action_index="1"/>
					<consideration class="SelfNotHasCVar, SCore" cvar="CurrentWeaponClass" value="0"/>
                    <consideration class="PathBlockedSDX, SCore"  />
                    <consideration class="TargetType" type="Block"/>
                </action> -->
				
			</ai_package>		
			
			

<!-- Specific Utility Functions   -->


			
			<ai_package name="NPCModNPCMedic" entity_filter="IsAlly" > 
				<action name="HealOther" weight="5">
					<task class="HealSDX, SCore" run="true" OnStartAddBuffs="IsHealing" OnStopAddBuffsTarget="buffProcessConsumables"/>
					<consideration class="TargetHealthSDX, SCore" min="0.01" max="0.65"/>
					<consideration class="TargetDistance"   min="2" max="4" curve="threshold"/>
					<consideration class="TargetNotHasBuff, SCore" buffs="buffHealHealth,buffProcessConsumables"/>
					<consideration class="SelfNotHasBuff, SCore" buffs="IsHealing"/>
					<!-- <consideration class="EnemyNotNear, SCore" distance="10"/> Save the leader despite the risk to self, its your job!  -->
				</action>
				<action name="MendLegOther" weight="5">
					<task class="HealSDX, SCore" run="true" OnStartAddBuffs="IsHealing" OnStopAddBuffsTarget="buffLegSplinted"/>
					<consideration class="TargetHasBuff, SCore" buffs="buffLegBroken,buffLegSprained"/>
					<consideration class="TargetDistance"   min="2" max="4" curve="threshold"/>
					<consideration class="SelfNotHasBuff, SCore" buffs="IsHealing"/>
					<consideration class="TargetNotHasBuff, SCore" buffs="buffHealHealth,buffProcessConsumables"/>
				</action>			
				<action name="MendArmOther" weight="5">
					<task class="HealSDX, SCore" run="true" OnStartAddBuffs="IsHealing" OnStopAddBuffsTarget="buffArmSplinted"/>
					<consideration class="TargetHasBuff, SCore" buffs="buffArmSprained,buffArmBroken"/>
					<consideration class="TargetDistance"   min="2" max="4" curve="threshold" />
					<consideration class="SelfNotHasBuff, SCore" buffs="IsHealing"/>
					<consideration class="TargetNotHasBuff, SCore" buffs="buffHealHealth,buffProcessConsumables"/>	
				</action>
				<!-- Action to move the NPC close to the ally who needs help -->
				<action name="MoveToHeal" weight="6">
					<task class="MoveToAttackTargetSDX, SCore" run="true" />
					<consideration class="TargetHealthSDX, SCore" min="0.01" max="0.65"/>
					<consideration class="TargetDistance"  min="4" max="10" curve="threshold"/>
					<consideration class="TargetNotHasBuff, SCore" buffs="buffHealHealth,buffProcessConsumables"/>		
					<consideration class="SelfNotHasBuff, SCore" buffs="IsHealing"/>
					<consideration class="NotHasOrder, SCore" order="Stay"/>
				</action>
				<!-- Action to move the NPC close to the ally who needs help, specifically for sprained limbs. -->
				<!-- The above only moves them if their heal is low, whereas this is necessary for a broken limb, which may not trigger the health check -->
				<action name="MoveToMend" weight="6">
					<task class="MoveToAttackTargetSDX, SCore" run="true" />
					<consideration class="TargetHasBuff, SCore" buffs="buffArmSprained,buffArmBroken,buffLegBroken,buffLegSprained"/>
					<consideration class="TargetDistance"  min="4" max="10" curve="threshold"/>
					<consideration class="SelfNotHasBuff, SCore" buffs="IsHealing"/>
					<consideration class="NotHasOrder, SCore" order="Stay"/>
				</action>
			</ai_package>
			
			<ai_package name="NPCModNPCLoot">
                <action name="LootBasic" weight="2" entity_filter="IsSelf" >
                    <task class="Loot, SCore" run="false" TargetType="Loot, SecureLoot" buff="ActivityBuff"/>
                    <consideration class="HasOrder, SCore" order="Loot"/>
                   <consideration class="EnemyNotNear, SCore" distance="15"/> 
                   <consideration class="FailOnDistanceToLeader, SCore" max_distance="30"/>
                   <consideration class="SelfNotHasBuff, SCore" buffs="ActivityCoolDown"/>
                   <consideration class="HasPath, SCore" TargetType="Loot, SecureLoot" />
                </action>
            </ai_package>
			
			<ai_package name="NPCModNPCCrafter"> <!--  Not hooked up yet  -->
				<action name="Craft Basic" weight="2">
					<task class="MoveToExplore, SCore" run="false" buff="ActivityBuff"/>
					<!-- NPC will wander a chunk area and look for a PathTarget type specified.  If true, move to target and when reached, run the specified ActivityBuff so correct animation plays  -->
					<consideration class="EnemyNotNear, SCore"/>
					<!--Is there an enemy nearby? Loot only when safe, (EnemyNear is the alternative)  -->
					<consideration class="SelfNotHasBuff, SCore" buffs="ActivityCoolDown"/>
					<!-- Don't fire this if the activity cool down buff is set to prevent tasklock.  Could use a different buff to turn off all looting here
					too -->
					<consideration class="HasPath, SCore"/>
					<!-- Checks if the NPC has any Tile Entities in its area of scan. If there's none, it'll scan for some -->
					<consideration class="PathTarget, SCore" type="Campfire, Forge, Workstation"/>
					<!-- filter the task even more by tile entity type. -->
				</action>
			</ai_package>
			<ai_package name="NPCModNPCFarmer" >
				<action name="Harvest" weight="3" entity_filter="IsSelf" >
					<task class="Farming, SCore" run="false" buff="IsGathering"/>
					<!-- Default distance is 10 if distance is not specified.-->
					<consideration class="IsNearFarm, SCore" distance="40" />
				
					<!-- Don't do farming if the enemies are dear by-->
					<consideration class="EnemyNotNear, SCore" distance="15"/>
				</action>
			</ai_package>
			<ai_package name="NPCModNPCShortRangedVomit" entity_filter="IsEnemy" > <!-- testing only  -->
				<action name="MoveToEnemyShortRanged" weight="4">
					<task class="MoveToAttackTargetSDX, SCore" run="false" action_index="1" />
					<consideration class="TargetDistance"  min="15" max="40" curve="threshold" /> 
					<consideration class="FailOnDistanceToLeader, SCore" max_distance="30" />
					<consideration class="CanSeeTarget, SCore" />
					<consideration class="NotHasOrder, SCore" order="Stay" />
				</action>
				<action name="VomitAttackClose" weight="5">
					<task class="AttackTargetEntitySDX, SCore" action_index="2" />
					<consideration class="FailOnDistanceToLeader, SCore" max_distance="30" />
					<consideration class="CanSeeTarget, SCore" />
					<!-- <consideration class="InWeaponRange, SCore" action_index="2" /> -->
					<consideration class="SelfNotHasBuff, SCore" buffs="IsHealing,buffHitStun" />
				</action>
				<action name="RangedMeleeAttack" weight="6">
					<task class="AttackTargetEntitySDX, SCore" action_index="0"/>
					<consideration class="FailOnDistanceToLeader, SCore" max_distance="30"/>
					<consideration class="InWeaponRange, SCore"  action_index="0"  /> 
					<consideration class="CanSeeTarget, SCore"/>
					<consideration class="SelfNotHasBuff, SCore" buffs="IsHealing,buffHitStun"/>	
				</action>
			</ai_package>	
	
	

<!--  Animal Packages  -->
		
			<ai_package name="NPCModAnimalHired" entity_filter="IsLeader" >
                <action name="TooCloseInside" weight="3">
                    <task class="BackupFromTargetSDX, SCore" max_distance="3.5"/>
                    <consideration class="EnemyNotNear, SCore" />
                    <consideration class="IsInside, SCore" />
                    <consideration class="TargetDistance" flip_x="true" min="0" max="3"  />
                    <consideration class="NotHasOrder, SCore" order="Stay"/>
                </action> 
                <action name="TooCloseOutside" weight="3">
                    <task class="BackupFromTargetSDX, SCore" max_distance="3.5"/>
                    <consideration class="EnemyNotNear, SCore" />
                    <consideration class="IsNotInside, SCore" />
                    <consideration class="TargetDistance" flip_x="true" min="0" max="1"  />
                    <consideration class="NotHasOrder, SCore" order="Stay"/>
                </action> 
                <action name="LeaderFollow" weight="2" >
                    <task class="FollowSDX, SCore" OnStartAddBuffs="NPCpegasus" OnStopRemoveBuffs="NPCpegasus"/>
                    <consideration class="HasOrder, SCore" order="Follow"/>
                    <consideration class="EnemyNotNear, SCore"/>
                    <consideration class="TargetDistance"  flip_x="true" min="7" max="40" curve="threshold" />
                </action>
                <action name="LeaderFollowSlow" weight="2" >
                    <task class="FollowSDX, SCore"/>
                    <consideration class="HasOrder, SCore" order="Follow"/>
                    <consideration class="EnemyNotNear, SCore"/>
                    <consideration class="TargetDistance"  flip_x="true" min="2" max="6" curve="threshold"/>
                </action>
            </ai_package>
			
			<ai_package name="NPCModAnimalMeleeAdvanced" entity_filter="IsEnemy"> 
                <!-- CONTROL ACTIONS - PLAYER IS BEING ATTACKED OR IS ATTACKING A TARGET -->
                <action name="MoveToEnemyRunMeleeControlAttacked" weight="4">
                    <consideration class="TargetHasBuff, SCore" buffs="buffNPCModAttacking"/>
					<task class="MoveToAttackTargetSDX, SCore" run="true" />
                    <consideration class="FailOnDistanceToLeader, SCore" max_distance="30"/>
                    <consideration class="NotInWeaponRange, SCore" action_index="0" /> 
                    <consideration class="CanSeeTarget, SCore"/>
                    <consideration class="SelfNotHasBuff, SCore" buffs="buffNPCModStopAttacking"/>    
                    <consideration class="NotHasOrder, SCore" order="Stay"/>
                </action>
                <action name="MeleeAttackEntityControlAttacked" weight="5">
                    <consideration class="TargetHasBuff, SCore" buffs="buffNPCModAttacking"/>
                    <task class="AttackTargetEntitySDX, SCore" action_index="0"/>
                    <consideration class="FailOnDistanceToLeader, SCore" max_distance="30"/>
                    <consideration class="InWeaponRange, SCore" action_index="0" /> 
                    <consideration class="CanSeeTarget, SCore"/>
                    <consideration class="SelfNotHasBuff, SCore" buffs="buffNPCModStopAttacking"/>    
                </action>
            </ai_package>    
			
			<!--  Mech Packages  -->
			
			<ai_package name="NPCModMechCore" >  <!-- Standard default package for Hirable characters  -->
				<action name="DefaultAction" weight=".5" entity_filter="IsSelf">
					<task class="IdleSDX, SCore" />
				</action> 
				<action name="Wander" weight="1" entity_filter="IsSelf">
					<task class="WanderSDX, SCore"/>
                    <consideration class="NotHasOrder, SCore" order="Stay"/>
					<consideration class="EnemyNotNear, SCore" distance="30" />
				</action>
				<action name="Chat" weight="2" entity_filter="IsPlayer">
					<task class="IdleSDX, SCore" OnStartAddBuffs="RandomIdle" OnStopRemoveBuffs="RandomIdle" /> 
					<!-- Remove this buff for "In your Face" Idle anim  -->
					<consideration class="EnemyNotNear, SCore" distance="10" />
					<consideration class="TargetDistance" flip_x="true" min="1" max="4" curve="threshold" />
				</action> 	
                <action name="Stay" weight="2" entity_filter="IsSelf">
                    <task class="Guard, SCore"  /> 
                    <consideration class="EnemyNotNear, SCore" />
                    <consideration class="HasOrder, SCore" order="Stay"/>
                </action>
				<action name="Guard" weight="2" entity_filter="IsSelf">
					<task class="Guard, SCore" />
					<consideration class="HasOrder, SCore" order="Guard" />
				</action>
			</ai_package>
				
			<ai_package name="NPCModMechCoreNoChat" ><!-- Standard package for non-Hirable characters  -->
				<action name="DefaultAction" weight=".5" entity_filter="IsSelf">
					<task class="IdleSDX, SCore" />
				</action> 
				<action name="Wander" weight="1" entity_filter="IsSelf">
					<task class="WanderSDX, SCore"/>
                    <consideration class="NotHasOrder, SCore" order="Stay"/>
					<consideration class="EnemyNotNear, SCore" distance="30" />
				</action>
				<action name="NoChatIdle" weight="1" entity_filter="IsPlayer">
					<task class="IdleSDX, SCore" />
					<consideration class="HasOrder, SCore" order="Stay"/>
				</action> 
				<action name="Guard" weight="2" entity_filter="IsSelf">
					<task class="Guard, SCore" />
					<consideration class="HasOrder, SCore" order="Guard" />
				</action>
			</ai_package>
			
			<!-- <ai_package name="NPCModMechRangedBasic" entity_filter="IsEnemy" > 
				 <action name="MoveToRandomTarget" weight="4" entity_filter="IsPlayer">
                    <task class="MoveToInvestigate, SCore" run="true" />
                    <consideration class="CanNotSeeTarget, SCore"/>
					<consideration class="CanHearTarget, SCore" />
					<consideration class="NotHasOrder, SCore" order="Stay" />
                </action>	
				<action name="MoveToEnemy" weight="4">
					<task class="MoveToAttackTargetSDX, SCore" run="false" action_index="1" />
					<consideration class="FailOnDistanceToLeader, SCore" max_distance="30" />
					<consideration class="TargetVisible" />
					<consideration class="NotHasOrder, SCore" order="Stay" />
				</action>
				<action name="RangedMeleeAttack" weight="6">
					<task class="AttackTargetEntitySDX, SCore" action_index="0"/>
					<consideration class="FailOnDistanceToLeader, SCore" max_distance="30"/>
					<consideration class="InWeaponRange, SCore"  action_index="0"  /> 
					<consideration class="TargetVisible" />
					<consideration class="SelfNotHasBuff, SCore" buffs="IsHealing"/>	
				</action>
				<action name="RangedAttack" weight="5">
					<task class="AttackTargetEntitySDX, SCore" action_index="1" />
					<consideration class="FailOnDistanceToLeader, SCore" max_distance="30" />
					<consideration class="TargetVisible" />
					<consideration class="InWeaponRange, SCore" action_index="1" />
					<consideration class="SelfNotHasBuff, SCore" buffs="buffBurstDelay,IsHealing" /> 
				</action>
			</ai_package>	-->

		</ai_packages>
	</append>
</config>
